Mu X Pos,Mu Y Pos,Mu X Vel,Mu Y Vel,Mu X Acc,Mu Y Acc,Obs X Pos,Obs Y Pos
-171.265373115 ,  40.477017953 ,  -0.00256472491769 ,  0.000606149478145 ,  2.46869373336e-05 ,  -5.83453378511e-06 , -214.081706792 , 50.596270172
-182.276262039 ,  42.7863264297 ,  -0.0403342953615 ,  0.00852699948449 ,  -0.000767748600352 ,  0.000159676988437 , -196.00950031 , 45.6665399744
-183.603885116 ,  43.0115416603 ,  -0.0578196953489 ,  0.0114963707825 ,  -0.00661959687572 ,  0.00113205144661 , -186.530099623 , 43.5063138309
-180.677461846 ,  37.6031135595 ,  0.0533657992356 ,  -0.19696098694 ,  0.0447261055678 ,  -0.0921498501296 , -171.310791883 , 20.4136938702
-178.175657512 ,  34.307998342 ,  0.291565139466 ,  -0.518724926753 ,  0.1425422837 ,  -0.217870488356 , -168.237749064 , 21.4053434388
-176.50455434 ,  31.0402480696 ,  0.630115787514 ,  -1.16076818223 ,  0.256707845652 ,  -0.443148313615 , -169.421670693 , 17.0981538519
-173.461910938 ,  27.2537870571 ,  1.58988914936 ,  -2.35807090903 ,  0.576189744928 ,  -0.819949004811 , -160.435359283 , 11.7231398261
-168.391938153 ,  21.7250839326 ,  3.75627314403 ,  -4.68884358514 ,  1.23101494658 ,  -1.49125848709 , -149.192086895 , 1.83346463426
-165.901881944 ,  16.0341924581 ,  4.78253201545 ,  -7.33108245535 ,  1.36632032821 ,  -2.09480617406 , -162.085868136 , 1.67600237817
-159.597052973 ,  5.55949049258 ,  7.91906677635 ,  -12.6142625478 ,  2.07342528301 ,  -3.31630825053 , -145.744933067 , -18.1988672736
-151.646262396 ,  -7.64501413517 ,  11.6462261431 ,  -18.8820293039 ,  2.77484758944 ,  -4.52085668913 , -138.92777231 , -29.3259003952
-147.362581958 ,  -19.8269456091 ,  12.5531449688 ,  -23.4935707056 ,  2.61202838652 ,  -5.04289664926 , -148.077213783 , -30.7854632278
-139.934689351 ,  -33.7550863294 ,  14.913203955 ,  -27.9900077966 ,  2.78808450158 ,  -5.37597954458 , -135.416911595 , -42.2639975271
-136.685876557 ,  -46.4880712996 ,  14.5090984488 ,  -31.0438987317 ,  2.29494091908 ,  -5.30761248367 , -141.977316944 , -49.7417829049
-130.761129834 ,  -62.0896538059 ,  15.5296446313 ,  -34.9978645709 ,  2.17632668861 ,  -5.41340889596 , -130.339273048 , -68.721574306
-126.626220966 ,  -75.5058574812 ,  15.3257688068 ,  -36.9591734099 ,  1.78871141491 ,  -5.02932190295 , -130.44145375 , -74.9457165477
-123.664091557 ,  -86.2597691153 ,  14.3357604532 ,  -36.7946920813 ,  1.26004552561 ,  -4.18061833739 , -129.883503859 , -78.3222919672
-122.717862831 ,  -100.087224878 ,  12.4360661093 ,  -38.3776752738 ,  0.592131379163 ,  -3.81648122744 , -131.612770125 , -100.151827855
-126.69225646 ,  -110.96384456 ,  7.94205307977 ,  -37.7162618577 ,  -0.586237172274 ,  -2.95582418825 , -144.430695176 , -102.938181931
-133.49020794 ,  -120.58628206 ,  2.24230723865 ,  -35.6823962403 ,  -1.89426479883 ,  -1.84484380739 , -153.332312485 , -108.735065502
-138.872621342 ,  -132.563986124 ,  -1.97123362353 ,  -34.9314167746 ,  -2.69304650178 ,  -1.1454815219 , -151.034112904 , -127.198196704
-145.79447001 ,  -145.406017299 ,  -6.39821297941 ,  -34.8310024424 ,  -3.43485125028 ,  -0.670450412745 , -157.644398116 , -143.449742453
-156.822481703 ,  -149.541815618 ,  -12.4265485156 ,  -29.317213945 ,  -4.40897233297 ,  0.990667576891 , -172.496199044 , -129.7204908
-168.236320671 ,  -149.873166072 ,  -17.6872212811 ,  -22.2817987098 ,  -5.05345753435 ,  2.77715826411 , -179.649834047 , -127.702114368
-177.780628297 ,  -149.216613642 ,  -21.0105612672 ,  -15.7250798163 ,  -5.15644996046 ,  4.21519362316 , -181.941404169 , -131.149854155
-187.941770943 ,  -151.998044329 ,  -24.0474445117 ,  -12.1354032107 ,  -5.1662649324 ,  4.7993198435 , -191.262103757 , -145.55313389
-198.949154817 ,  -155.976009416 ,  -26.9102139689 ,  -9.79644409996 ,  -5.1082503276 ,  5.01895697885 , -201.740153267 , -154.472621118
-209.669439753 ,  -155.255438028 ,  -28.9708896178 ,  -5.28777160199 ,  -4.84908168163 ,  5.67694158701 , -209.822805402 , -146.609149107
-222.750853843 ,  -160.452523428 ,  -31.822324918 ,  -4.80879258341 ,  -4.77009419362 ,  5.34439634468 , -226.0339741 , -166.457560756
-235.16583951 ,  -159.220542626 ,  -33.9832761559 ,  -1.2024710951 ,  -4.54341419514 ,  5.7568690519 , -236.635117052 , -153.372133573
-247.443205291 ,  -158.204585575 ,  -35.0533051239 ,  1.92131190122 ,  -4.03775750246 ,  5.94991706063 , -244.829223361 , -155.351006926
-260.467818393 ,  -154.273876545 ,  -36.091781852 ,  6.04681479944 ,  -3.55867130736 ,  6.31600690886 , -258.464504498 , -148.26948984
-269.577277485 ,  -154.25788296 ,  -34.3097648897 ,  7.27191188071 ,  -2.47556361562 ,  5.9461619531 , -258.547556699 , -158.982872791
-281.544198173 ,  -153.035222324 ,  -34.3596663769 ,  8.7001354115 ,  -1.92530860625 ,  5.66582121207 , -278.363244747 , -156.223304606
-290.728440831 ,  -150.467501412 ,  -32.664117762 ,  10.4463452646 ,  -1.03653798668 ,  5.46799260689 , -282.323325479 , -152.176159391
-298.92897487 ,  -145.590372728 ,  -30.2464173634 ,  13.0048628582 ,  -0.079701509522 ,  5.43602930101 , -289.303972879 , -144.483074629
-308.427215613 ,  -140.740954995 ,  -28.8464785391 ,  14.9729745305 ,  0.54036772467 ,  5.26071871543 , -303.562511863 , -141.434224843
-314.638610118 ,  -138.192249272 ,  -25.9779912799 ,  15.2154564939 ,  1.41935459919 ,  4.71900300989 , -305.426913944 , -144.306932595
-322.481582507 ,  -133.428990266 ,  -23.8337893801 ,  16.3194935296 ,  2.02573235934 ,  4.38183012473 , -317.171743371 , -136.26344964
-328.720094985 ,  -126.521356389 ,  -21.5244831916 ,  18.3739267273 ,  2.60631086044 ,  4.30632449183 , -323.368496184 , -125.15016327
-335.550343508 ,  -116.99464102 ,  -19.9397221381 ,  21.4787360166 ,  2.95955611101 ,  4.45861561283 , -333.350277832 , -111.637491161
-342.906707397 ,  -109.522759015 ,  -18.4069605481 ,  22.6230284137 ,  3.23609565377 ,  4.1008841113 , -341.702457139 , -111.754225686
-350.580577293 ,  -102.321479784 ,  -17.673877139 ,  23.4655593551 ,  3.31555086511 ,  3.72283493772 , -352.239245416 , -104.728578295
-355.820748751 ,  -95.2563788553 ,  -15.3399553957 ,  23.6552749276 ,  3.71730456253 ,  3.19879781744 , -352.322095158 , -99.7558391177
-362.503718589 ,  -86.4631614571 ,  -14.0790701085 ,  24.4834001524 ,  3.81437406527 ,  2.85647055018 , -363.36356835 , -88.077756012
-365.151279207 ,  -78.6457948918 ,  -11.4746841625 ,  25.055572522 ,  4.23793784483 ,  2.51611633984 , -360.634834375 , -80.1714413777
-366.053481941 ,  -68.5501989628 ,  -7.5647284979 ,  25.9174989829 ,  4.83268463751 ,  2.22448073235 , -358.684936199 , -69.1808219263
-372.448757569 ,  -56.7457338009 ,  -7.25190438868 ,  27.2406448686 ,  4.51466098615 ,  2.04736243503 , -378.285469424 , -55.5291307302
-371.474170706 ,  -46.9935411684 ,  -3.4904329405 ,  27.7109470933 ,  5.04537580574 ,  1.70741637501 , -364.460044062 , -48.0274472245
-368.178297294 ,  -37.8734844926 ,  1.20076396971 ,  27.1452329836 ,  5.66309391814 ,  1.14790518206 , -359.378474853 , -42.1374279394
-363.979227008 ,  -30.6768514235 ,  5.28690898887 ,  26.2318627326 ,  6.11642855456 ,  0.583278775707 , -356.591488802 , -35.3312605269
-10.0694606549 ,  203.813387655 ,  173.58255629 ,  20.6132260679 ,  14.0838286743 ,  -0.541182502671 , 0.760146347324 , 202.649253903
31.1410533384 ,  206.816791996 ,  138.564308694 ,  13.8253095773 ,  8.98594176478 ,  -1.24949740752 , -0.229432612465 , 202.13106144
47.2279599026 ,  208.490580928 ,  111.25312623 ,  10.3055081102 ,  5.41605946554 ,  -1.60137972664 , 15.0642123018 , 205.344809906
47.6084942476 ,  208.924793404 ,  82.2580508374 ,  7.17064545545 ,  2.33446623829 ,  -1.86685427548 , 6.46943262823 , 205.531408833
45.9407376635 ,  206.873950594 ,  61.6965778823 ,  3.30063255214 ,  0.27844062123 ,  -2.12583757039 , 9.9878504743 , 201.415140091
47.3473256489 ,  207.346598532 ,  49.5700457525 ,  2.24745246568 ,  -1.00102310637 ,  -2.17953524032 , 21.4783331281 , 206.538650017
51.2304478754 ,  209.478627816 ,  42.3276188328 ,  2.51061850415 ,  -1.87115346099 ,  -2.15243334551 , 33.0906646679 , 211.880427214
55.4892326433 ,  211.946722861 ,  37.025489256 ,  2.91412362979 ,  -2.56985370862 ,  -2.11793336751 , 40.529530192 , 215.184241274
60.7898362986 ,  212.328128672 ,  33.2642761245 ,  2.04714616802 ,  -3.14294741869 ,  -2.16423674703 , 49.7258927726 , 211.39201109
64.4828801297 ,  211.757796343 ,  29.275297595 ,  0.814233715113 ,  -3.73002216749 ,  -2.2355338068 , 51.6094404607 , 209.186184665
70.324892894 ,  207.763212652 ,  26.907741152 ,  -2.04572761496 ,  -4.15718741165 ,  -2.47250679497 , 64.3674362933 , 197.620919165
73.9001314421 ,  203.759313441 ,  23.753374496 ,  -4.52530739027 ,  -4.68191095067 ,  -2.68093060349 , 64.0869538217 , 194.973533035
75.720654773 ,  196.710321801 ,  20.0718696922 ,  -8.32404258773 ,  -5.29075618196 ,  -3.10787025149 , 63.3931608846 , 181.033583785
77.4533279372 ,  186.883421118 ,  16.6134506245 ,  -13.2474180984 ,  -5.85409806721 ,  -3.75803940446 , 67.0920219881 , 165.927560388
75.0516772088 ,  180.766945983 ,  11.0276889766 ,  -15.6287759352 ,  -6.82509127626 ,  -3.89595815427 , 55.3017656418 , 174.131947252
73.9004983192 ,  174.104708199 ,  6.8894263594 ,  -18.1099128723 ,  -7.45655518852 ,  -4.06373872215 , 62.4110922264 , 166.960722542
70.4774274356 ,  166.438681164 ,  1.71462397745 ,  -20.8383638171 ,  -8.27481785473 ,  -4.26916672882 , 55.6167985386 , 158.773511005
66.8584301762 ,  158.774215788 ,  -3.07721240829 ,  -23.1738687448 ,  -8.91353595084 ,  -4.34745481467 , 55.6241076627 , 153.592895929
63.2876592261 ,  153.534631943 ,  -7.2115902387 ,  -23.6747089599 ,  -9.31645606453 ,  -3.94087051023 , 55.9474347525 , 156.493887298
56.0059012135 ,  144.546987533 ,  -13.1245168717 ,  -26.3645274765 ,  -10.1157362158 ,  -4.12138593882 , 41.9314697952 , 137.807534593
48.1602313024 ,  140.676794708 ,  -18.6160001975 ,  -25.3521654753 ,  -10.692651553 ,  -3.30533306095 , 37.0756692488 , 149.323416913
38.0794076167 ,  139.800728106 ,  -24.7599283018 ,  -22.3949458384 ,  -11.3499864261 ,  -2.05905470107 , 25.0564891774 , 155.128135519
27.8914163277 ,  139.614229574 ,  -30.0520594662 ,  -19.0943641197 ,  -11.6592018629 ,  -0.842495441284 , 19.3924385188 , 154.764994048
18.4596595023 ,  138.277812383 ,  -33.9935714923 ,  -16.7963105658 ,  -11.5447727572 ,  -0.00689680534917 , 15.6231529755 , 148.103990411
9.79519682975 ,  142.803416212 ,  -36.8147979725 ,  -11.032110228 ,  -11.1433813528 ,  1.61877168807 , 10.7482302507 , 165.409003503
-0.818543034359 ,  145.262951401 ,  -40.1514790667 ,  -7.06543145059 ,  -10.8376015109 ,  2.61270207198 , -1.78913528802 , 159.013952384
-6.99711668235 ,  148.970123277 ,  -40.0707971242 ,  -2.78462664124 ,  -9.67817680181 ,  3.57452274208 , 4.95341107106 , 163.021804099
-13.1047674762 ,  155.98974063 ,  -39.6925384458 ,  3.07887352733 ,  -8.53206265199 ,  4.81983114128 , -1.172336706 , 175.47882327
-16.7000428225 ,  164.095896361 ,  -37.3406311233 ,  8.96627939999 ,  -6.95678346944 ,  5.91348527454 , 2.18631492738 , 182.118183316
-19.0824486266 ,  174.792193322 ,  -34.3682742998 ,  15.7202430884 ,  -5.37804894165 ,  7.09757589447 , 0.497258727696 , 195.483419781
-20.5289461447 ,  185.175150353 ,  -30.9443628445 ,  21.4466786994 ,  -3.82748319846 ,  7.88374428143 , -0.67010964826 , 200.697986306
-19.9655111308 ,  193.419727313 ,  -26.3595974174 ,  25.0607070457 ,  -2.12108396233 ,  8.02721614555 , 3.0830323015 , 199.32540141
-14.944489134 ,  199.207709605 ,  -19.328842707 ,  26.5698133422 ,  0.0319780809387 ,  7.60197581181 , 16.2688320203 , 196.322828939
-9.71945564318 ,  205.562846193 ,  -12.8429351573 ,  28.0985455492 ,  1.83446785707 ,  7.20437892188 , 17.0235454893 , 203.370846667
-4.14855147183 ,  213.780065024 ,  -6.81104040831 ,  30.4887741947 ,  3.34306395135 ,  7.04504590542 , 19.0475849067 , 215.824648826
3.93106268834 ,  217.371891223 ,  0.240719972182 ,  29.5000524482 ,  4.94375849105 ,  6.01850575931 , 29.6480853029 , 205.262441068
12.271192829 ,  221.283005264 ,  6.74881946137 ,  28.4838414496 ,  6.22179729319 ,  5.0490085774 , 33.4904741836 , 210.105388773
21.415833575 ,  220.710609555 ,  12.98171061 ,  24.599957182 ,  7.27879077944 ,  3.44022226078 , 39.908082046 , 198.938112959
32.2296997099 ,  222.115794729 ,  19.470169858 ,  22.2424677529 ,  8.27533880363 ,  2.36959644706 , 50.7953712078 , 208.523630426
42.9230747955 ,  220.986567263 ,  25.0483885173 ,  18.3950949826 ,  8.90690216794 ,  1.02132530507 , 56.5271712646 , 202.449992743
52.4420100509 ,  219.511047406 ,  29.0831665437 ,  14.5658342139 ,  9.04123159947 ,  -0.192617510539 , 58.7360317422 , 202.664460078
57.9974835681 ,  210.296931481 ,  29.962409495 ,  6.23480280815 ,  8.3277320223 ,  -2.40884464194 , 51.1389025956 , 176.69806271
63.779261425 ,  202.366661729 ,  30.7869539214 ,  -0.360809078036 ,  7.67550679565 ,  -3.95756146129 , 57.9799890982 , 177.92017922
70.4578287254 ,  190.845628018 ,  31.5801606718 ,  -8.5811766533 ,  7.0046817339 ,  -5.71845501598 , 64.5969754967 , 162.353197062
72.6886882794 ,  181.264348573 ,  29.4424699055 ,  -14.6148211147 ,  5.66594918253 ,  -6.73832700634 , 56.1125622918 , 163.347251282
72.999987547 ,  173.163912681 ,  26.2358360149 ,  -18.9931541227 ,  4.19058280004 ,  -7.2285875129 , 53.5973295471 , 162.707832698
73.776835474 ,  163.875430564 ,  23.2880012101 ,  -23.4398504443 ,  2.89687419088 ,  -7.63347867841 , 56.9475939785 , 154.169305038
71.6375353003 ,  154.380869442 ,  18.7359457476 ,  -27.3703199275 ,  1.32856804125 ,  -7.84319559755 , 49.8371208034 , 147.130823897
67.5071205907 ,  147.252535013 ,  13.3475383471 ,  -29.2513901142 ,  -0.29014417957 ,  -7.49648352116 , 44.0195211398 , 148.450564811
59.8025805485 ,  141.563880354 ,  6.27671563429 ,  -29.8869588142 ,  -2.16089961777 ,  -6.85608327662 , 31.0066608377 , 147.330197181
52.3895610684 ,  135.285638985 ,  0.00309091798766 ,  -30.4865711485 ,  -3.63138963079 ,  -6.22596097476 , 29.1815256381 , 140.746745679
44.1615440828 ,  131.160774365 ,  -6.0997721208 ,  -29.4517951731 ,  -4.89183429461 ,  -5.22472174232 , 23.4958281257 , 142.578499165
35.2729400883 ,  130.378033665 ,  -11.8914849798 ,  -26.3021301481 ,  -5.92890270921 ,  -3.7839897252 , 17.252532401 , 149.188598969
24.7657178086 ,  134.624549606 ,  -17.9678408541 ,  -20.1966258064 ,  -6.90621170195 ,  -1.7413710933 , 6.759976814 , 163.854864951
13.8729029256 ,  135.387775437 ,  -23.5269435015 ,  -16.7794477685 ,  -7.63497841904 ,  -0.57223026346 , -1.14864699285 , 151.380443238
5.08142797282 ,  141.278387664 ,  -27.0398203618 ,  -10.4474186192 ,  -7.74809214652 ,  1.20677812077 , -0.694827686898 , 167.992604792
-2.39629162382 ,  148.537456922 ,  -29.1342654156 ,  -3.82509328987 ,  -7.45733906741 ,  2.87167951483 , -2.06004446414 , 174.314535085
-4.12548962915 ,  156.876024678 ,  -27.2849444564 ,  2.7601477739 ,  -6.19436951662 ,  4.34807770272 , 11.9640652893 , 180.690875131
-8.56792728684 ,  168.629121563 ,  -26.8366696856 ,  10.7867720809 ,  -5.34942933811 ,  5.99182986561 , 0.682359384332 , 195.653681458
-11.7246030121 ,  179.594482047 ,  -25.6516230856 ,  17.3473910059 ,  -4.41570648793 ,  7.09682057944 , -0.88071141478 , 199.361497536
-10.5855020164 ,  189.542574392 ,  -21.8289369718 ,  22.480161502 ,  -2.91075304146 ,  7.71398064202 , 9.99656251459 , 202.577174163
-10.2876745011 ,  197.81883329 ,  -18.8341345665 ,  25.9344213536 ,  -1.75749710129 ,  7.83575303451 , 5.37032242628 , 203.622949625
-5.70362206849 ,  206.428066501 ,  -13.3347397208 ,  29.0246728817 ,  -0.0865932403297 ,  7.81642322085 , 19.2322848452 , 210.464980069
0.164979548383 ,  213.975226424 ,  -7.49993187876 ,  30.9333959087 ,  1.50148417226 ,  7.47338569998 , 24.6667938464 , 213.086078493
6.36740790891 ,  220.202857958 ,  -2.01627844577 ,  31.6419274026 ,  2.83898148449 ,  6.84063931305 , 27.6930878017 , 214.739886971
16.5174745343 ,  222.654068627 ,  5.34542536985 ,  29.7810942991 ,  4.5036181497 ,  5.6114373998 , 44.4670921798 , 207.140337422
25.4554044213 ,  220.843861129 ,  11.2101688083 ,  25.0767227337 ,  5.59906288522 ,  3.75206642371 , 44.7260193159 , 194.651635081
34.1067133629 ,  220.0607826 ,  16.187373341 ,  21.2890447014 ,  6.33771248049 ,  2.29467519888 , 48.2288449417 , 200.031306075
43.2389115928 ,  218.955449603 ,  20.7385594121 ,  17.3744580717 ,  6.84266084582 ,  0.934620028304 , 54.0291277601 , 200.392544489
51.9543126051 ,  213.413000487 ,  24.3167554904 ,  11.0083894437 ,  7.0146121429 ,  -0.897507099198 , 57.9744739556 , 187.09409836
62.5975688374 ,  208.451537936 ,  28.745536437 ,  5.90351280862 ,  7.40862401486 ,  -2.21867352282 , 72.9944958017 , 188.690170772
68.0220194886 ,  197.030061822 ,  29.3860255566 ,  -2.67128322076 ,  6.79902021279 ,  -4.26563585219 , 62.639982912 , 163.818362937
72.0644248607 ,  187.978910117 ,  28.8006422408 ,  -8.9653933282 ,  5.90137501832 ,  -5.51740297223 , 61.9426368922 , 166.546605061
74.1370915686 ,  177.630702888 ,  26.8110451361 ,  -15.35035237 ,  4.7151541626 ,  -6.64088265321 , 59.1140461182 , 157.34049072
70.6968077671 ,  170.032668229 ,  21.4960573217 ,  -19.2803080078 ,  2.80882834379 ,  -7.0234682144 , 43.1479453857 , 161.017587113
68.1209392923 ,  163.192308764 ,  17.0028501781 ,  -22.1542767002 ,  1.28082156217 ,  -7.06486646206 , 46.1739055052 , 159.277728744
67.3428895161 ,  155.577339321 ,  13.9977710987 ,  -25.0501850702 ,  0.27426503345 ,  -7.08567303316 , 53.3707317925 , 151.529485493
61.9768665196 ,  149.528623221 ,  8.33297384848 ,  -26.4414438497 ,  -1.29852568104 ,  -6.69020061308 , 38.2249168225 , 151.931821449
56.3385804541 ,  142.22494732 ,  3.09381508561 ,  -28.3418210008 ,  -2.60183626928 ,  -6.44918540113 , 36.0208862426 , 141.835254047
48.3057388005 ,  135.984473535 ,  -3.1259638753 ,  -29.1446218944 ,  -4.00699821706 ,  -5.92339915724 , 25.4864507559 , 140.009047982
41.6008256472 ,  134.877479658 ,  -7.85363493978 ,  -26.4396160158 ,  -4.87755149335 ,  -4.54397438447 , 26.7186182037 , 152.831893774
31.4657642293 ,  133.313425594 ,  -14.1301637641 ,  -24.1213686321 ,  -6.02884447929 ,  -3.38591792025 , 11.2133502522 , 148.029921544
21.4891796243 ,  134.08954514 ,  -19.5728686663 ,  -20.5340635457 ,  -6.84233682479 ,  -2.02219018197 , 5.62574068966 , 152.739571671
13.449333349 ,  136.971498756 ,  -23.0947689784 ,  -15.8059324309 ,  -7.0567566375 ,  -0.4973295113 , 6.64660815133 , 158.857065096
6.26299187063 ,  140.42554571 ,  -25.6027275614 ,  -11.1793801982 ,  -6.98139929416 ,  0.849276930484 , 3.6631133122 , 160.285892043
1.58086086328 ,  147.063176194 ,  -26.0832543029 ,  -4.9499437728 ,  -6.37196370085 ,  2.45991955302 , 7.48244557978 , 172.09253416
-2.41390728772 ,  157.513171709 ,  -25.8268679122 ,  3.06801204351 ,  -5.60418370412 ,  4.34305001273 , 5.9824411467 , 187.882798479
-4.52770040623 ,  165.18243474 ,  -24.3235702328 ,  8.47939039247 ,  -4.59254681538 ,  5.37256022546 , 8.00565734923 , 182.820217387
-5.70909434569 ,  175.677965337 ,  -22.2176378446 ,  15.0176587841 ,  -3.51299801144 ,  6.56016695731 , 8.23667710045 , 196.895627024
-5.3665752598 ,  184.795236547 ,  -19.1689941963 ,  19.9089376348 ,  -2.28612578211 ,  7.18148678617 , 11.2986064023 , 197.592271515
-2.44843926066 ,  193.818329505 ,  -14.7394703059 ,  24.0939555751 ,  -0.830765403621 ,  7.54067861555 , 18.5240591628 , 203.083840012
0.313730451073 ,  202.99679342 ,  -10.6055485116 ,  27.6217279752 ,  0.41189586927 ,  7.63329017193 , 18.109384568 , 208.416259681
3.58886073204 ,  209.490527296 ,  -6.68150595633 ,  29.0645771724 ,  1.47110619443 ,  7.20013238442 , 19.2278630263 , 206.915507102
10.4193278938 ,  215.035488624 ,  -0.915737669052 ,  29.5342218706 ,  2.87815927604 ,  6.53447384617 , 32.493415877 , 208.858925456
16.331585978 ,  217.877079415 ,  3.72063645482 ,  27.9454608457 ,  3.84148712892 ,  5.37808493521 , 31.901811868 , 203.826454464
26.9893209652 ,  221.968038206 ,  10.7308541834 ,  27.2370756773 ,  5.29417096027 ,  4.55744566306 , 51.5262167656 , 213.055306423
37.2047291434 ,  222.382201287 ,  16.6761969706 ,  24.0983983729 ,  6.30660450841 ,  3.18829755502 , 55.6681738887 , 204.297422476
44.6122610055 ,  219.457127332 ,  20.1186106044 ,  18.9736682528 ,  6.55437905707 ,  1.44364793033 , 51.4007809448 , 194.832845192
49.1848745672 ,  218.461652688 ,  21.3482904904 ,  15.5749212554 ,  6.21829046636 ,  0.309163859383 , 46.9534762966 , 202.83475231
54.7704214101 ,  211.466748249 ,  22.9130212943 ,  8.73013597165 ,  5.97705895654 ,  -1.57369452733 , 54.3081971494 , 182.697310518
60.6711959837 ,  203.997981589 ,  24.2266184369 ,  2.12734966888 ,  5.65198841476 ,  -3.19636801665 , 59.0926414852 , 178.735731487
67.7616782772 ,  194.860277055 ,  26.0522398014 ,  -4.75809815641 ,  5.47931745614 ,  -4.71623777625 , 68.9117663363 , 170.095393417
69.7070742477 ,  184.306940074 ,  24.2544002587 ,  -11.7794931461 ,  4.3859193078 ,  -6.08820126469 , 56.0274339833 , 160.991508352
71.0612982716 ,  175.627626596 ,  21.9516186942 ,  -16.7811602611 ,  3.24588808838 ,  -6.76855242162 , 56.6018775366 , 162.768691245
70.2526154522 ,  166.452535898 ,  18.5730730667 ,  -21.4322181631 ,  1.95952479786 ,  -7.28803081963 , 52.9378591482 , 155.297930115
65.1525989268 ,  157.623767611 ,  12.7934271729 ,  -25.2228434766 ,  0.201136418559 ,  -7.51361397166 , 39.4378816 , 150.430821762
59.7674939292 ,  152.367497046 ,  7.35324399869 ,  -26.2375231772 ,  -1.29273552861 ,  -6.99837085845 , 37.2809097795 , 156.697344451
54.113186845 ,  145.936238067 ,  2.24752122261 ,  -27.6401995899 ,  -2.54560923817 ,  -6.60060208142 , 34.6664403714 , 148.168809772
45.7460901219 ,  141.8788865 ,  -4.01941544385 ,  -27.1799233677 ,  -3.94635574978 ,  -5.74577579147 , 23.1130732105 , 151.377369734
38.2799664299 ,  138.486288721 ,  -9.02463422353 ,  -26.2079776382 ,  -4.87721619613 ,  -4.83631823142 , 22.2769963486 , 148.994891544
29.5903213499 ,  135.829490668 ,  -14.1859914591 ,  -24.7085820869 ,  -5.73362341589 ,  -3.86967314115 , 13.9352468781 , 147.481084136
20.0590457103 ,  139.952842357 ,  -19.1972485914 ,  -18.9301632624 ,  -6.43124965907 ,  -1.91396450445 , 6.26920411014 , 168.019580286
12.8561238171 ,  140.140418816 ,  -22.0747689215 ,  -16.0094156132 ,  -6.49458648156 ,  -0.862651464983 , 8.693139942 , 154.196073932
3.16392091787 ,  146.320918751 ,  -25.9959357364 ,  -9.62462617644 ,  -6.78438315388 ,  0.943605275803 , -5.13195949215 , 173.06955994
-1.62458728522 ,  152.356973417 ,  -26.4111527898 ,  -4.031532196 ,  -6.16651530186 ,  2.36251869187 , 4.26771154748 , 174.132232305
-6.54211457599 ,  159.301932553 ,  -26.6479617813 ,  1.57550367032 ,  -5.53947648427 ,  3.63120651709 , -0.530234845864 , 179.649886436
-8.66377897945 ,  169.968613682 ,  -24.9484565544 ,  8.87328471081 ,  -4.47265107166 ,  5.17624703518 , 4.64028978505 , 195.913563382
-11.2842252936 ,  179.809500185 ,  -23.5084085034 ,  14.8477412364 ,  -3.55557498887 ,  6.21005346559 , -0.214505269779 , 198.422971442
-11.0953010717 ,  188.278157324 ,  -20.2329805809 ,  19.2075983131 ,  -2.25285740278 ,  6.69835324215 , 6.39919561739 , 198.712539921
-7.33323699672 ,  197.29621212 ,  -14.9968745357 ,  23.2832747831 ,  -0.591587338405 ,  7.04191268452 , 16.4757273584 , 206.037436909
-3.42047753466 ,  203.155847486 ,  -10.1955519898 ,  24.8612407193 ,  0.78940206011 ,  6.71634335742 , 16.827978477 , 201.630468898
2.44300204261 ,  207.46824982 ,  -4.61383879256 ,  25.1064662939 ,  2.22027977086 ,  6.06277659693 , 24.3492570574 , 200.792890349
12.2797940074 ,  215.157928737 ,  2.85039640588 ,  27.2064053224 ,  3.9628262813 ,  5.91203772545 , 40.2851679379 , 216.814170102
20.9578552513 ,  220.312630857 ,  8.80852953154 ,  27.3152012359 ,  5.13422119088 ,  5.25332450307 , 40.7259141003 , 213.94267444
28.9042786109 ,  220.393770419 ,  13.6148466477 ,  24.1899551476 ,  5.88857061926 ,  3.84852991707 , 42.8913569771 , 201.604927895
39.8200029797 ,  220.858113963 ,  19.6317506229 ,  21.383282172 ,  6.83622606796 ,  2.64390823374 , 57.7876930977 , 204.897761087
47.3365566147 ,  218.098536804 ,  22.8187523426 ,  16.8043042135 ,  6.96729145172 ,  1.11547646797 , 52.7973377403 , 196.1708878
54.2204954018 ,  211.409506914 ,  25.0975790532 ,  10.1309951243 ,  6.82806971841 ,  -0.784675425092 , 55.705232733 , 182.50259034
61.0297898179 ,  204.899741425 ,  26.948798142 ,  4.21119333585 ,  6.57801580951 ,  -2.3027602617 , 61.0452610044 , 181.123165577
67.9051054498 ,  196.42379035 ,  28.4443582045 ,  -2.35753994764 ,  6.23472091467 ,  -3.82086948533 , 66.6656799303 , 171.637647376
70.8932068884 ,  191.916331634 ,  27.2303556312 ,  -5.77595612498 ,  5.23133953265 ,  -4.39157133569 , 58.7762697364 , 181.900416366
72.157841064 ,  182.156528147 ,  24.8055031774 ,  -12.0348378561 ,  3.99660059451 ,  -5.59055286151 , 56.0321949386 , 161.0997773
72.6308167955 ,  176.552691873 ,  21.9824627618 ,  -14.9880050292 ,  2.77253361556 ,  -5.8244401696 , 56.3168092299 , 170.631654033
72.4608662186 ,  168.276048788 ,  18.899299232 ,  -19.1577989336 ,  1.59436417161 ,  -6.31563669049 , 56.4831714425 , 157.587906475
67.4842782457 ,  160.771793535 ,  13.0207083275 ,  -22.2638922709 ,  -0.171106997596 ,  -6.46340914164 , 41.3122693125 , 155.138044277
61.4200099328 ,  154.309682393 ,  7.01922407961 ,  -24.2614700482 ,  -1.78730067102 ,  -6.2995065096 , 36.715200117 , 153.333180384
54.4671812055 ,  148.382597206 ,  1.05091301881 ,  -25.5610942707 ,  -3.22645571983 ,  -5.95533803151 , 31.6477193208 , 150.075413507
46.5175292305 ,  143.572217643 ,  -4.93351189909 ,  -25.831046196 ,  -4.51117906266 ,  -5.36030259836 , 25.313577194 , 149.220514879
37.0347516002 ,  139.578429657 ,  -11.2111796079 ,  -25.3286997409 ,  -5.71608271398 ,  -4.60275613739 , 16.3198184086 , 147.823781827
28.7956819266 ,  135.030295804 ,  -15.9704137604 ,  -25.0806423023 ,  -6.39912483547 ,  -3.97009719217 , 15.6794114824 , 141.28813464
-2.63143866138 ,  188.736638101 ,  -20.7200364918 ,  64.7485871564 ,  -1.63054995497 ,  6.27633131757 , 2.83108315237 , 200.583640705
-10.5718008362 ,  211.277548899 ,  -19.4762940569 ,  59.702082672 ,  -1.26031105997 ,  4.98095955276 , -9.14242049823 , 205.597447658
-11.1056821294 ,  214.923871768 ,  -14.1172001226 ,  45.4286054968 ,  -0.650523636882 ,  3.23545865147 , -5.61232441792 , 199.722330317
-6.57780485957 ,  212.796522256 ,  -6.53742165077 ,  31.9501114428 ,  -0.0138486955221 ,  1.85630022785 , 2.85599137972 , 195.188034462
-6.9974114491 ,  211.21821093 ,  -5.24390812885 ,  23.3221876508 ,  0.125436676095 ,  1.01211007318 , -5.01326130618 , 197.132896844
-8.72409733108 ,  213.765409402 ,  -5.27078471245 ,  20.2086584473 ,  0.174418170571 ,  0.599260096806 , -8.84959779396 , 207.245425696
-9.68850944287 ,  212.847454058 ,  -4.80652040341 ,  15.733182753 ,  0.248051408658 ,  0.160651552588 , -8.71829185552 , 201.880979618
-8.48087612429 ,  212.324807105 ,  -3.12172964939 ,  12.6190529973 ,  0.382074356565 ,  -0.165207658957 , -3.85992477299 , 203.265043461
-5.64726385548 ,  214.458092195 ,  -0.840721120846 ,  11.6573692151 ,  0.546245941591 ,  -0.347377948545 , 1.67922980816 , 211.373307502
-1.6669406415 ,  212.99576013 ,  1.63464118503 ,  8.94346160319 ,  0.728390951296 ,  -0.659745338785 , 7.41290954577 , 202.763228915
-2.25143814375 ,  211.926162977 ,  1.2824307362 ,  6.8808728456 ,  0.660137108983 ,  -0.925991549542 , -4.68205993185 , 203.646768087
-3.44386339729 ,  210.398047985 ,  0.649533910179 ,  4.8511565753 ,  0.551828341549 ,  -1.20448555813 , -7.33154022989 , 201.860652423
-0.474543097259 ,  208.158085809 ,  2.27566820754 ,  2.63950097663 ,  0.759457039886 ,  -1.52624217159 , 6.93873404258 , 198.697955643
-1.17698450948 ,  206.865299689 ,  1.76907175127 ,  1.13679939844 ,  0.612987220002 ,  -1.74023974039 , -4.82152604391 , 201.338600338
-0.0473791454719 ,  203.554997869 ,  2.29540481394 ,  -1.33141477254 ,  0.667002538521 ,  -2.14834062202 , 1.78763027484 , 193.402315801
-0.694547778399 ,  204.793843228 ,  1.74904581665 ,  -0.993952739167 ,  0.484350696373 ,  -1.93328417051 , -4.28697834106 , 209.332072591
0.0147997957477 ,  203.221315637 ,  2.01983467397 ,  -2.28700057315 ,  0.499949616749 ,  -2.10557432446 , 0.681094372855 , 199.551901045
0.751172038632 ,  200.754575698 ,  2.2703121264 ,  -3.98471368219 ,  0.508265044628 ,  -2.36220708802 , 1.27445780653 , 195.625131308
2.54884834799 ,  200.986072592 ,  3.15078613262 ,  -3.8001113463 ,  0.675360672205 ,  -2.11307975737 , 5.79614999907 , 204.566685863
1.23939037025 ,  200.160613708 ,  1.95165142943 ,  -4.23986273078 ,  0.285956961301 ,  -2.04088421509 , -4.56202591314 , 200.714898192
-0.157078992023 ,  198.968211008 ,  0.784443349074 ,  -4.8185374664 ,  -0.057470730827 ,  -2.00512280668 , -5.21685156947 , 198.864531912
1.1900890716 ,  200.162863695 ,  1.50497776141 ,  -3.73198459395 ,  0.125920992033 ,  -1.53238681112 , 4.10601792767 , 206.636322637
2.57338587251 ,  200.132875469 ,  2.16478093868 ,  -3.49892931126 ,  0.272109178859 ,  -1.32388874264 , 4.98615766097 , 202.694393704
1.70362655239 ,  201.447166342 ,  1.29269112164 ,  -2.38885333837 ,  0.00818066766667 ,  -0.912201475578 , -1.93673701478 , 207.107202696
3.16013673301 ,  199.225627066 ,  2.00274682044 ,  -3.64526447067 ,  0.17488475827 ,  -1.14315770011 , 5.87531620387 , 195.373567856
3.60347811846 ,  201.165969199 ,  1.98792394276 ,  -2.08170951189 ,  0.139260542879 ,  -0.635590721243 , 3.36318281333 , 208.424313604
1.41591136481 ,  200.703440649 ,  0.281288174587 ,  -2.18099468437 ,  -0.31721119828 ,  -0.594767410482 , -5.33940849736 , 201.012993345
0.951181349142 ,  199.241633323 ,  -0.154265995851 ,  -2.87564458448 ,  -0.405516986423 ,  -0.702908754194 , -0.372193076739 , 197.23007211
1.68710427795 ,  201.492876748 ,  0.219517640125 ,  -1.15748327398 ,  -0.283113033851 ,  -0.199636232853 , 3.58445924824 , 208.9421222
2.21545369409 ,  203.111193922 ,  0.416885320315 ,  0.00893828235854 ,  -0.214723871636 ,  0.115450761601 , 3.30110373541 , 207.779481496
3.13421692496 ,  203.123026267 ,  0.85055036465 ,  0.0471630647374 ,  -0.0971691616045 ,  0.116739938057 , 5.051959085 , 203.144745326
0.767776389119 ,  205.219470073 ,  -0.776817834889 ,  1.36013366652 ,  -0.49915337358 ,  0.431100373719 , -5.56545760417 , 210.286847551
0.0983233412689 ,  206.607512511 ,  -1.19326506098 ,  2.09904387498 ,  -0.559625930394 ,  0.569684397375 , -1.01647036664 , 209.093641679
1.84044644697 ,  204.062705587 ,  -0.0765427517703 ,  0.339633666062 ,  -0.234947090772 ,  0.0771149868302 , 7.01312041035 , 196.263012562
-0.877397033912 ,  203.61780047 ,  -1.79637535039 ,  0.0299748787418 ,  -0.641908285377 ,  -0.00788715544408 , -7.64728233244 , 202.262819182
-1.69239333975 ,  202.034367234 ,  -2.1679014022 ,  -0.949751213728 ,  -0.67160617108 ,  -0.249466892432 , -2.48547842591 , 198.019491468
-4.43914558018 ,  201.966304346 ,  -3.6768055441 ,  -0.90061485513 ,  -0.977816552891 ,  -0.211111043051 , -9.9405035498 , 202.450492141
-4.02734047678 ,  201.029918566 ,  -3.06261732951 ,  -1.38087140692 ,  -0.721321400126 ,  -0.306389719881 , -0.360696074064 , 199.289690001
-2.65030070856 ,  199.142108055 ,  -1.8943853936 ,  -2.39531328112 ,  -0.352338653135 ,  -0.523247907588 , 3.01329596007 , 195.281079785
-1.98965972352 ,  200.075428866 ,  -1.26031408077 ,  -1.55454858453 ,  -0.151859177825 ,  -0.254731872632 , 1.0398220678 , 204.156715245
-2.04413176296 ,  200.341527116 ,  -1.12337314334 ,  -1.19806733823 ,  -0.0949941436166 ,  -0.133460528235 , -1.30324866527 , 202.111232286
-0.543527955851 ,  200.581885457 ,  -0.029664612518 ,  -0.881027527437 ,  0.194649486531 ,  -0.033473259713 , 4.09448247941 , 202.047980982
-0.862825167563 ,  200.35951211 ,  -0.169627832172 ,  -0.879933962325 ,  0.147021551436 ,  -0.0221352321491 , -1.66426092518 , 200.401783342
-1.69589518653 ,  200.982430301 ,  -0.61733748684 ,  -0.353268272142 ,  0.0274271160533 ,  0.119209552707 , -3.73026503355 , 203.205572114
-4.8131497647 ,  202.777303008 ,  -2.43427333541 ,  0.851577622293 ,  -0.420877483227 ,  0.414642529786 , -12.3877182732 , 207.642266555
-5.69008841967 ,  204.671932242 ,  -2.67779212837 ,  1.99349599763 ,  -0.428357116638 ,  0.662290780013 , -6.21910393184 , 208.930406938
-3.66227572026 ,  205.240590573 ,  -1.08426104731 ,  2.18818194299 ,  0.0249889808189 ,  0.64567666455 , 3.42731410826 , 205.295783217
-3.72958625136 ,  204.710105638 ,  -0.932633200803 ,  1.661842427 ,  0.0719255162504 ,  0.447790019616 , -3.13243257558 , 201.798204851
-1.70880305945 ,  203.193441119 ,  0.51642758109 ,  0.544910818889 ,  0.437465172012 ,  0.117871136568 , 3.97032874735 , 198.198471864
-2.15845383138 ,  203.415624717 ,  0.276236238707 ,  0.613430370054 ,  0.338295222102 ,  0.12030738517 , -3.61828300688 , 203.538077686
-2.32870839695 ,  203.54947841 ,  0.225858991041 ,  0.612910600097 ,  0.295918060292 ,  0.104408639946 , -2.929796807 , 203.40131932
-0.812773563828 ,  201.776861754 ,  1.20111496091 ,  -0.55603690132 ,  0.510643127675 ,  -0.199578703889 , 2.41124029258 , 197.351187037
-2.35731191484 ,  200.343302728 ,  0.194187046194 ,  -1.37825520161 ,  0.209451530679 ,  -0.380175005692 , -6.63510775342 , 197.589519618
-1.07353968707 ,  195.889323871 ,  0.997095111788 ,  -3.91150923126 ,  0.387119791264 ,  -0.955617813532 , 1.592779266 , 187.142251891
-1.24181314808 ,  188.883409132 ,  0.826436501207 ,  -7.65204888705 ,  0.304676207242 ,  -1.7499607451 , -2.32436165066 , 176.433761595
-1.31719069966 ,  178.998138728 ,  0.715388396087 ,  -12.5626104382 ,  0.243867100041 ,  -2.71365033875 , -2.09255313754 , 163.648556793
-1.73208583016 ,  168.517876288 ,  0.411506150582 ,  -17.2951118966 ,  0.145249620642 ,  -3.52089356759 , -3.12756417823 , 154.284902504
-1.9133612325 ,  161.919730605 ,  0.270021499147 ,  -18.8892092718 ,  0.0953313787357 ,  -3.44019775916 , -2.60706196366 , 160.522500635
2.60391972534 ,  150.778895814 ,  2.91468640317 ,  -22.8146511279 ,  0.714959450959 ,  -3.90536411226 , 12.0248550981 , 140.877622684
7.04900266964 ,  139.423523049 ,  5.16726828817 ,  -26.0676221577 ,  1.15911434675 ,  -4.11600580444 , 14.1229011938 , 132.865459065
11.4891302578 ,  130.631557514 ,  7.10404143211 ,  -27.2681306799 ,  1.46776751878 ,  -3.79531919457 , 16.8887041296 , 131.530828327
14.5488343221 ,  118.54664778 ,  7.91744924677 ,  -29.9270359136 ,  1.46305342297 ,  -3.82463052135 , 15.5400286057 , 114.033607123
20.7219470022 ,  109.043531889 ,  10.4283428777 ,  -30.8063960938 ,  1.85405453046 ,  -3.42531845034 , 27.9071255996 , 110.572359772
25.6473639434 ,  101.669630282 ,  11.7996093327 ,  -29.9784015284 ,  1.91679240346 ,  -2.64220620324 , 28.2099022734 , 108.958098453
30.3896075948 ,  95.1671578777 ,  12.6801895626 ,  -28.1748223111 ,  1.83481160414 ,  -1.69062710229 , 30.9308776122 , 104.962916793
39.9063723395 ,  90.8770191919 ,  16.1138222293 ,  -25.2242216289 ,  2.34472658207 ,  -0.579423026867 , 49.4454717857 , 103.30367567
49.3330664488 ,  86.0876687473 ,  19.1446335641 ,  -23.1879990371 ,  2.69685089454 ,  0.188821018033 , 57.2570586605 , 94.053951486
58.448561433 ,  82.6550013601 ,  21.4811323901 ,  -20.453308713 ,  2.827147517 ,  1.03566375854 , 63.4867853253 , 92.2848003738
67.4597489529 ,  80.8785817753 ,  23.2008339784 ,  -16.8432320211 ,  2.77217546104 ,  1.98486550054 , 69.9492952611 , 92.4770276667
77.9081214015 ,  79.582990886 ,  25.1726155985 ,  -13.1595003596 ,  2.75073288141 ,  2.82651456069 , 81.1221001351 , 89.8586609844
89.6944056834 ,  79.9586860532 ,  27.5843879297 ,  -9.11235588866 ,  2.81820607362 ,  3.64613517183 , 94.5667175745 , 90.4608232534
100.369159679 ,  76.2853297899 ,  28.8318559534 ,  -7.90374107903 ,  2.58641600423 ,  3.70142345978 , 101.040672725 , 75.7390920865
106.349366917 ,  75.6383997719 ,  27.5179698716 ,  -5.48238154965 ,  1.79629582658 ,  4.04564069394 , 98.4334782412 , 79.8215946542
116.983501047 ,  68.8667630999 ,  28.1694266531 ,  -6.55693690707 ,  1.51020386504 ,  3.49487956595 , 116.816198064 , 59.5821473463
125.133265781 ,  63.4869624694 ,  27.7249605047 ,  -7.09721088306 ,  1.00647440528 ,  3.15807658271 , 121.647027354 , 57.1691984416
134.607480508 ,  58.0472361906 ,  27.6396529067 ,  -7.53181967432 ,  0.624609762654 ,  2.86269015381 , 132.976390432 , 52.3352105676
140.3658669 ,  49.3456916624 ,  25.4540997364 ,  -9.90472825438 ,  -0.201935157525 ,  2.16050333259 , 131.742662071 , 37.1588251111
143.469780984 ,  43.7819886257 ,  22.4110293153 ,  -10.5267473984 ,  -1.13541815788 ,  1.95653922968 , 132.416584687 , 38.8489541265
147.931914264 ,  38.646194836 ,  19.8513866428 ,  -10.5415333328 ,  -1.84939194137 ,  1.89443885519 , 140.114660508 , 35.9753345495
150.434130542 ,  32.999210265 ,  16.9210121027 ,  -11.156761546 ,  -2.57837636382 ,  1.71595532892 , 141.761254629 , 28.3576339263
153.554234406 ,  23.2901776848 ,  14.030454738 ,  -13.6256195921 ,  -3.18467797936 ,  1.11126054727 , 146.684738157 , 12.0331253008
153.257800883 ,  15.6751927037 ,  10.1580759162 ,  -15.0449773485 ,  -3.97169575043 ,  0.837907432802 , 142.797485326 , 9.04993364822
156.754671319 ,  5.40436136269 ,  8.81837357686 ,  -17.7010790129 ,  -4.06889283388 ,  0.312341455987 , 156.825806039 , -5.56547182883
159.344049836 ,  -1.51937887168 ,  6.73424194889 ,  -17.5699983585 ,  -4.26960248969 ,  0.491336968334 , 157.606414269 , -1.48873060935
160.503792864 ,  -7.24494699245 ,  4.59144755726 ,  -17.1953832064 ,  -4.48976684838 ,  0.714071943064 , 158.101770064 , -6.50566098585
161.010580104 ,  -18.6435182201 ,  2.45495884537 ,  -20.1189891445 ,  -4.67415919373 ,  0.15722360675 , 158.801762627 , -30.2684151783
159.333880329 ,  -31.1971790653 ,  -0.802186113911 ,  -22.883343358 ,  -5.04071559407 ,  -0.291957218041 , 154.037991269 , -41.2680052626
160.219479527 ,  -40.8530489856 ,  -2.03309015758 ,  -23.5238180699 ,  -4.87344420128 ,  -0.18486935956 , 162.640138474 , -42.7036322341
158.152045073 ,  -52.0422621879 ,  -4.48176923693 ,  -25.3633769024 ,  -5.03096492158 ,  -0.357548563301 , 155.369775574 , -58.4236270857
157.468120918 ,  -63.2192075416 ,  -5.87034275009 ,  -25.9778850597 ,  -4.8335012384 ,  -0.211445523219 , 159.747190515 , -64.8246870817
155.404653292 ,  -71.2168955986 ,  -7.55499330731 ,  -25.4654203791 ,  -4.77600354436 ,  0.182417419917 , 155.385999895 , -69.1425368033
150.741981667 ,  -83.2102679366 ,  -10.3674899784 ,  -27.1985950176 ,  -4.96433084186 ,  0.0263509186654 , 146.571667803 , -89.7012950206
146.596592289 ,  -90.2831766208 ,  -12.36212786 ,  -25.3469514379 ,  -4.88669442528 ,  0.719425550311 , 146.19303689 , -83.7569665732
142.648073291 ,  -98.0968491002 ,  -13.7664550977 ,  -23.9277236741 ,  -4.65137347133 ,  1.23335680461 , 144.347173366 , -94.1348808978
137.570701589 ,  -105.866475031 ,  -15.630005483 ,  -23.5951808099 ,  -4.59890811045 ,  1.45840294056 , 136.197191698 , -106.095896903
131.444885453 ,  -115.649212961 ,  -17.3891404693 ,  -23.2177516804 ,  -4.42470957025 ,  1.64751222407 , 131.72021824 , -116.369792527
123.269158555 ,  -118.178209824 ,  -20.2399079563 ,  -19.7761829057 ,  -4.56930274886 ,  2.54060454003 , 118.145395642 , -107.545447945
113.362678517 ,  -124.034821956 ,  -23.1279661977 ,  -17.6741360533 ,  -4.61475888246 ,  2.98941049874 , 109.535615937 , -120.158520214
106.527646821 ,  -128.210219623 ,  -24.0872899644 ,  -15.5934752404 ,  -4.24248094712 ,  3.40750684188 , 108.769160301 , -124.373290034
96.731919515 ,  -131.054104695 ,  -26.1866740742 ,  -12.716507396 ,  -4.12599429096 ,  3.93510222507 , 94.7710452145 , -125.195098434
86.5669397639 ,  -128.320990375 ,  -27.903807293 ,  -6.95771214478 ,  -3.90132250364 ,  5.03866235237 , 85.9894770648 , -113.162167176
75.1980914451 ,  -128.797143863 ,  -30.0884609605 ,  -4.02330347615 ,  -3.80285171394 ,  5.36720729713 , 72.3636085607 , -124.731956362
66.9160186062 ,  -126.248348632 ,  -29.9897009237 ,  0.180286113551 ,  -3.16632273408 ,  5.92517659328 , 72.1994995745 , -118.098503361
58.4704627605 ,  -124.921184282 ,  -30.027543739 ,  2.92139155548 ,  -2.62742125654 ,  6.0858889338 , 62.3068528137 , -122.312564838
49.2748197357 ,  -121.049307803 ,  -29.3805057644 ,  6.90803388569 ,  -1.93528875185 ,  6.40304156206 , 55.241808451 , -115.775024319
39.3247149124 ,  -113.977402113 ,  -29.6577964223 ,  11.8181902492 ,  -1.5439668451 ,  6.92277293803 , 40.8282818526 , -104.898788145
27.3333995713 ,  -110.61565834 ,  -31.0468102516 ,  13.7891874747 ,  -1.43947661012 ,  6.69481989918 , 24.3189246929 , -112.338320866
19.2037426543 ,  -104.749625904 ,  -29.665372486 ,  16.6876255493 ,  -0.692293020885 ,  6.65289788407 , 26.017538344 , -103.252268847
11.3266130451 ,  -95.6374432142 ,  -28.2292661913 ,  20.8198186632 ,  -0.0103460244042 ,  6.87378584803 , 17.345961372 , -89.5794918366
2.94748276212 ,  -85.1804871666 ,  -26.955435829 ,  24.8823293783 ,  0.563316550157 ,  7.00190219636 , 7.45509287172 , -79.9775656158
-0.0651523296812 ,  -78.5880135713 ,  -22.7836855337 ,  25.9698165776 ,  1.73586998602 ,  6.40944524844 , 13.9153012849 , -83.9082342463
-3.90340670052 ,  -70.5199107466 ,  -19.601129371 ,  27.4903952623 ,  2.5438434433 ,  5.96229470072 , 5.13260206276 , -73.4396047639
-7.58253815921 ,  -61.4507973358 ,  -16.7139038119 ,  29.114408276 ,  3.18611948588 ,  5.56265584846 , -0.596152787918 , -63.4035531389
-9.60244308458 ,  -52.1464934968 ,  -13.1868884255 ,  30.3370561038 ,  3.8883044925 ,  5.08234748301 , -1.24229579294 , -55.1022045174
-12.8773689528 ,  -46.156083026 ,  -10.8111294234 ,  29.2000080554 ,  4.23076757703 ,  4.0887913493 , -9.60232918647 , -56.8894517212
-18.1046172048 ,  -38.3596949461 ,  -9.92317800735 ,  28.9661415983 ,  4.18226580061 ,  3.39701842969 , -20.5354803183 , -44.5647520606
-23.5359451881 ,  -30.3243332879 ,  -9.47198071433 ,  28.8150245894 ,  4.04097587074 ,  2.79430278799 , -27.310374363 , -35.2369917048
-29.4388845499 ,  -21.590111229 ,  -9.05331356071 ,  28.3323818868 ,  3.86251033001 ,  2.14168985847 , -33.5867553942 , -27.1238785084
Exiting due to keyboard interrupt.
